{"attributes": {"name": "Mesh", "density": 14.0}, "dva": {"x": 0.0, "y": 0.0, "z": 0.0, "px": 0.0, "py": 0.0, "pz": 0.0, "rx": 0.0, "ry": 0.0, "rz": 0.0, "t": 0.05, "is_anchor": false, "is_fixed": false, "constraint": null, "param": null}, "dea": {"q": 1.0, "f": 0.0, "l": 0.0, "E": 210.0, "r": 0.0, "l0": 0.0, "is_edge": true, "yield": 235.0}, "dfa": {"strip": null}, "vertex": {"0": {"x": 0.0, "y": 5.0, "z": 5.0}, "1": {"x": 1.0, "y": 5.0, "z": 4.0}, "2": {"x": 0.0, "y": 4.0, "z": 4.0}, "3": {"x": 0.5, "y": 4.5, "z": 0.0}, "4": {"x": 5.0, "y": 0.0, "z": 5.0}, "5": {"x": 5.0, "y": 1.0, "z": 4.0}, "6": {"x": 4.0, "y": 0.0, "z": 4.0}, "7": {"x": 4.5, "y": 0.49999999999999967, "z": 0.0}, "8": {"x": 5.0, "y": 2.0, "z": 3.0}, "9": {"x": 4.5, "y": 1.5, "z": 0.0}, "10": {"x": 5.0, "y": 3.0, "z": 2.0}, "11": {"x": 4.5, "y": 2.5, "z": 0.0}, "12": {"x": 5.0, "y": 4.0, "z": 1.0}, "13": {"x": 4.5, "y": 3.5, "z": 0.0}, "14": {"x": 4.5, "y": 4.5, "z": 0.0}, "15": {"x": 5.0, "y": 5.0, "z": 0.0}, "16": {"x": 3.0000000000000004, "y": 5.0, "z": 1.9999999999999996}, "17": {"x": 4.0, "y": 5.0, "z": 0.9999999999999998}, "18": {"x": 3.5, "y": 4.5, "z": 0.0}, "19": {"x": 2.0, "y": 5.0, "z": 3.0}, "20": {"x": 2.5, "y": 4.5, "z": 0.0}, "21": {"x": 1.5, "y": 4.5, "z": 0.0}, "22": {"x": 0.0, "y": 3.0, "z": 3.0000000000000004}, "23": {"x": 0.49999999999999994, "y": 3.5, "z": 0.0}, "24": {"x": 0.0, "y": 1.9999999999999996, "z": 1.9999999999999996}, "25": {"x": 0.5000000000000001, "y": 2.5, "z": 0.0}, "26": {"x": 0.0, "y": 0.9999999999999997, "z": 0.9999999999999998}, "27": {"x": 0.5000000000000001, "y": 1.5, "z": 0.0}, "28": {"x": 0.4999999999999995, "y": 0.4999999999999995, "z": 0.0}, "29": {"x": 0.0, "y": 0.0, "z": 0.0}, "30": {"x": 1.0, "y": 0.0, "z": 1.0}, "31": {"x": 2.0, "y": 0.0, "z": 2.0}, "32": {"x": 1.5, "y": 0.4999999999999999, "z": 0.0}, "33": {"x": 3.0, "y": 0.0, "z": 3.0}, "34": {"x": 2.5, "y": 0.4999999999999999, "z": 0.0}, "35": {"x": 3.4999999999999996, "y": 0.5000000000000002, "z": 0.0}, "36": {"x": 4.0, "y": 1.0, "z": 0.0}, "37": {"x": 3.0, "y": 0.9999999999999998, "z": 0.0}, "38": {"x": 3.5, "y": 1.5000000000000004, "z": 0.0}, "39": {"x": 4.0, "y": 1.9999999999999998, "z": 0.0}, "40": {"x": 1.9999999999999998, "y": 1.0, "z": 0.0}, "41": {"x": 2.5, "y": 1.5, "z": 0.0}, "42": {"x": 2.9999999999999996, "y": 2.0000000000000004, "z": 0.0}, "43": {"x": 3.5, "y": 2.5, "z": 0.0}, "44": {"x": 4.0, "y": 3.0, "z": 0.0}, "45": {"x": 1.0, "y": 1.0, "z": 0.0}, "46": {"x": 1.5, "y": 1.5, "z": 0.0}, "47": {"x": 2.0, "y": 2.0, "z": 0.0}, "48": {"x": 2.5, "y": 2.5, "z": 0.0}, "49": {"x": 3.0, "y": 3.0, "z": 0.0}, "50": {"x": 3.5, "y": 3.5, "z": 0.0}, "51": {"x": 3.9999999999999996, "y": 4.0, "z": 0.0}, "52": {"x": 1.0, "y": 2.0, "z": 0.0}, "53": {"x": 1.5, "y": 2.5, "z": 0.0}, "54": {"x": 2.0, "y": 3.0, "z": 0.0}, "55": {"x": 2.5, "y": 3.4999999999999996, "z": 0.0}, "56": {"x": 3.0, "y": 4.0, "z": 0.0}, "57": {"x": 1.0, "y": 3.0, "z": 0.0}, "58": {"x": 1.4999999999999998, "y": 3.5, "z": 0.0}, "59": {"x": 1.9999999999999996, "y": 4.0, "z": 0.0}, "60": {"x": 1.0, "y": 4.0, "z": 0.0}}, "face": {"1": ["1", "0", "3"], "2": ["0", "2", "3"], "3": ["19", "1", "21"], "4": ["21", "1", "3", "60"], "5": ["2", "22", "23"], "6": ["2", "23", "60", "3"], "7": ["4", "5", "7"], "8": ["5", "8", "9"], "9": ["7", "5", "9", "36"], "10": ["6", "4", "7"], "11": ["6", "7", "36", "35"], "12": ["8", "10", "11"], "13": ["9", "8", "11", "39"], "14": ["36", "9", "39", "38"], "15": ["10", "12", "13"], "16": ["11", "10", "13", "44"], "17": ["39", "11", "44", "43"], "18": ["13", "12", "14", "51"], "19": ["12", "15", "14"], "20": ["44", "13", "51", "50"], "21": ["51", "14", "17", "18"], "22": ["14", "15", "17"], "23": ["17", "16", "18"], "24": ["18", "16", "20", "56"], "25": ["20", "16", "19"], "26": ["18", "56", "50", "51"], "27": ["20", "19", "21", "59"], "28": ["20", "59", "55", "56"], "29": ["21", "60", "58", "59"], "30": ["22", "24", "25"], "31": ["22", "25", "57", "23"], "32": ["23", "57", "58", "60"], "33": ["24", "26", "27"], "34": ["24", "27", "52", "25"], "35": ["25", "52", "53", "57"], "36": ["26", "28", "45", "27"], "37": ["28", "26", "29"], "38": ["27", "45", "46", "52"], "39": ["28", "30", "32", "45"], "40": ["30", "28", "29"], "41": ["30", "31", "32"], "42": ["31", "33", "34"], "43": ["32", "31", "34", "40"], "44": ["33", "6", "35"], "45": ["34", "33", "35", "37"], "46": ["35", "36", "38", "37"], "47": ["34", "37", "41", "40"], "48": ["37", "38", "42", "41"], "49": ["38", "39", "43", "42"], "50": ["32", "40", "46", "45"], "51": ["40", "41", "47", "46"], "52": ["41", "42", "48", "47"], "53": ["42", "43", "49", "48"], "54": ["43", "44", "50", "49"], "55": ["46", "47", "53", "52"], "56": ["47", "48", "54", "53"], "57": ["48", "49", "55", "54"], "58": ["49", "50", "56", "55"], "59": ["53", "54", "58", "57"], "60": ["54", "55", "59", "58"]}, "facedata": {"1": {}, "2": {}, "3": {}, "4": {}, "5": {}, "6": {}, "7": {}, "8": {}, "9": {}, "10": {}, "11": {}, "12": {}, "13": {}, "14": {}, "15": {}, "16": {}, "17": {}, "18": {}, "19": {}, "20": {}, "21": {}, "22": {}, "23": {}, "24": {}, "25": {}, "26": {}, "27": {}, "28": {}, "29": {}, "30": {}, "31": {}, "32": {}, "33": {}, "34": {}, "35": {}, "36": {}, "37": {}, "38": {}, "39": {}, "40": {}, "41": {}, "42": {}, "43": {}, "44": {}, "45": {}, "46": {}, "47": {}, "48": {}, "49": {}, "50": {}, "51": {}, "52": {}, "53": {}, "54": {}, "55": {}, "56": {}, "57": {}, "58": {}, "59": {}, "60": {}}, "edgedata": {"(0, 2)": {"is_edge": false}, "(2, 0)": {"is_edge": false}, "(0, 1)": {"is_edge": false}, "(1, 0)": {"is_edge": false}, "(1, 19)": {"is_edge": false}, "(19, 1)": {"is_edge": false}, "(2, 22)": {"is_edge": false}, "(22, 2)": {"is_edge": false}, "(4, 5)": {"is_edge": false}, "(5, 4)": {"is_edge": false}, "(4, 6)": {"is_edge": false}, "(6, 4)": {"is_edge": false}, "(5, 8)": {"is_edge": false}, "(8, 5)": {"is_edge": false}, "(6, 33)": {"is_edge": false}, "(33, 6)": {"is_edge": false}, "(8, 10)": {"is_edge": false}, "(10, 8)": {"is_edge": false}, "(10, 12)": {"is_edge": false}, "(12, 10)": {"is_edge": false}, "(12, 15)": {"is_edge": false}, "(15, 12)": {"is_edge": false}, "(15, 17)": {"is_edge": false}, "(17, 15)": {"is_edge": false}, "(16, 19)": {"is_edge": false}, "(19, 16)": {"is_edge": false}, "(16, 17)": {"is_edge": false}, "(17, 16)": {"is_edge": false}, "(22, 24)": {"is_edge": false}, "(24, 22)": {"is_edge": false}, "(24, 26)": {"is_edge": false}, "(26, 24)": {"is_edge": false}, "(26, 29)": {"is_edge": false}, "(29, 26)": {"is_edge": false}, "(29, 30)": {"is_edge": false}, "(30, 29)": {"is_edge": false}, "(30, 31)": {"is_edge": false}, "(31, 30)": {"is_edge": false}, "(31, 33)": {"is_edge": false}, "(33, 31)": {"is_edge": false}}, "max_int_key": 60, "max_int_fkey": 60}