{"compas": "1.7.1", "datatype": "compas.datastructures/Mesh", "data": {"facedata": {"5": {"path": [1, 0]}, "6": {"path": [1, 1]}, "7": {"path": [1, 2]}, "8": {"path": [1, 3]}, "9": {"path": [2, 0]}, "10": {"path": [2, 1]}, "11": {"path": [2, 2]}, "12": {"path": [2, 3]}, "13": {"path": [3, 0]}, "14": {"path": [3, 1]}, "15": {"path": [3, 2]}, "16": {"path": [3, 3]}, "17": {"path": [4, 0]}, "18": {"path": [4, 1]}, "19": {"path": [4, 2]}, "20": {"path": [4, 3]}}, "dva": {"y": 0.0, "x": 0.0, "z": 0.0}, "face": {"5": [9, 0, 10, 21], "6": [10, 2, 13, 21], "7": [13, 3, 15, 21], "8": [15, 7, 9, 21], "9": [12, 1, 11, 22], "10": [11, 8, 16, 22], "11": [16, 3, 17, 22], "12": [17, 4, 12, 22], "13": [17, 3, 13, 23], "14": [13, 2, 14, 23], "15": [14, 5, 18, 23], "16": [18, 4, 17, 23], "17": [15, 3, 16, 24], "18": [16, 8, 20, 24], "19": [20, 6, 19, 24], "20": [19, 7, 15, 24]}, "edgedata": {}, "dfa": {}, "max_vertex": 24, "dea": {}, "attributes": {"name": "Mesh"}, "max_face": 20, "vertex": {"0": {"z": 20.0, "y": -46.983559137412122, "x": -44.487094537112114}, "1": {"z": 20.0, "y": 43.016440862587885, "x": 45.512905462887865}, "2": {"z": 10.0, "y": -46.983559137412122, "x": 0.51290546288787808}, "3": {"z": 0.0, "y": -1.9835591374121182, "x": 0.51290546288788419}, "4": {"z": 10.0, "y": -1.9835591374121213, "x": 45.512905462887865}, "5": {"z": 0.0, "y": -46.983559137412122, "x": 45.512905462887865}, "6": {"z": 0.0, "y": 43.016440862587885, "x": -44.487094537112114}, "7": {"z": 10.0, "y": -1.9835591374121186, "x": -44.487094537112114}, "8": {"z": 10.0, "y": 43.016440862587885, "x": 0.51290546288789052}, "9": {"z": 15.0, "y": -24.483559137412122, "x": -44.487094537112114}, "10": {"z": 15.0, "y": -46.983559137412122, "x": -21.987094537112117}, "11": {"z": 15.0, "y": 43.016440862587885, "x": 23.012905462887879}, "12": {"z": 15.0, "y": 20.516440862587881, "x": 45.512905462887865}, "13": {"z": 5.0, "y": -24.483559137412119, "x": 0.51290546288788108}, "14": {"z": 5.0, "y": -46.983559137412122, "x": 23.012905462887872}, "15": {"z": 5.0, "y": -1.9835591374121184, "x": -21.987094537112117}, "16": {"z": 5.0, "y": 20.516440862587881, "x": 0.5129054628878873}, "17": {"z": 5.0, "y": -1.9835591374121198, "x": 23.012905462887872}, "18": {"z": 5.0, "y": -24.483559137412122, "x": 45.512905462887865}, "19": {"z": 5.0, "y": 20.516440862587885, "x": -44.487094537112114}, "20": {"z": 5.0, "y": 43.016440862587885, "x": -21.98709453711211}, "21": {"z": 10.0, "y": -24.483559137412119, "x": -21.987094537112114}, "22": {"z": 10.0, "y": 20.516440862587885, "x": 23.012905462887879}, "23": {"z": 5.0, "y": -24.483559137412119, "x": 23.012905462887872}, "24": {"z": 5.0, "y": 20.516440862587885, "x": -21.987094537112114}}}}